id	url	html_path	headers_path	html_sha256	headers_sha256	retrieved_at	http_status	last_modified	notes
agent-approvals-security	https://developers.openai.com/codex/agent-approvals-security	knowledge/primary/CODX/pages/agent-approvals-security/index.html	knowledge/primary/CODX/pages/agent-approvals-security/response-headers.txt	42cdc41b9dccc950394dc6f8bb6f75e8a41cc24a1fd2218fd05fb7c09dfef3ad	6ddd765f8c6d0ea85329029ac3848c80c4c396bd5cc97daeb59453bbe1313bc4	2026-06-08T13:16:25Z	200	Mon, 08 Jun 2026 12:35:12 GMT	Full HTML snapshot saved locally; page is public and kept with redacted headers.
agents-md	https://developers.openai.com/codex/guides/agents-md	knowledge/primary/CODX/pages/agents-md/index.html	knowledge/primary/CODX/pages/agents-md/response-headers.txt	f21d44b5cd0ad89b1b99d7a4d96a52e111571840d998d18007d7de4ecd813ed8	45c30da847057ee7da0d3eb505372f2bf31c3a22d44a663d4669b5c9761ae4c8	2026-06-08T13:16:27Z	200	Mon, 08 Jun 2026 12:31:40 GMT	Full HTML snapshot saved locally; page is public and kept with redacted headers.
app	https://developers.openai.com/codex/app	knowledge/primary/CODX/pages/app/index.html	knowledge/primary/CODX/pages/app/response-headers.txt	c811ed00b3825b486b1792943eb10afee49b04f2ef4d1f91355bfa846c0ae88b	4b59489a33b1b5dac30f384b42958c1e17754711ff86efdcdfafdad036d17276	2026-06-08T13:16:29Z	200	Mon, 08 Jun 2026 12:29:31 GMT	Full HTML snapshot saved locally; page is public and kept with redacted headers.
app-server	https://developers.openai.com/codex/app-server	knowledge/primary/CODX/pages/app-server/index.html	knowledge/primary/CODX/pages/app-server/response-headers.txt	d978da48ce4482ab7650937d1797b86420d3fb41cfa57466242edd8e76043c02	13e1764062eb6a27ec57b829a0dd7674fb4d4025980c052b1bfe549a2a716942	2026-06-08T13:16:32Z	200	Mon, 08 Jun 2026 12:46:50 GMT	Full HTML snapshot saved locally; page is public and kept with redacted headers.
app/automations	https://developers.openai.com/codex/app/automations	knowledge/primary/CODX/pages/app/automations/index.html	knowledge/primary/CODX/pages/app/automations/response-headers.txt	529914ed3bbf4a0bf30b3e08d9c5410e63326c71548afff87319b7f4a6d5491e	3048e2d66cbf0f5032d084b4fece70ae012807a92ec79b1323a5ed4f3458a469	2026-06-08T13:16:35Z	200	Mon, 08 Jun 2026 12:34:51 GMT	Full HTML snapshot saved locally; page is public and kept with redacted headers.
app/commands	https://developers.openai.com/codex/app/commands	knowledge/primary/CODX/pages/app/commands/index.html	knowledge/primary/CODX/pages/app/commands/response-headers.txt	8b6bd223fcd1b9e85f2294d93ed19205c3bdff2e6eb5c702183252c109cf0e60	1da16c82aa8313238789d4d2665bb8e327a1a0deecf98db4741889f1fcb39559	2026-06-08T13:16:38Z	200	Mon, 08 Jun 2026 12:44:45 GMT	Full HTML snapshot saved locally; page is public and kept with redacted headers.
app/features	https://developers.openai.com/codex/app/features	knowledge/primary/CODX/pages/app/features/index.html	knowledge/primary/CODX/pages/app/features/response-headers.txt	e7d0bcb2a901c372788c3e8c5cece8fdfe89e6fe5f13d5c1ee0588acf9db35a7	90b6e5103d81eabafc1dd548ef97b77833c53758a9679431fc0291158b1246f4	2026-06-08T13:16:40Z	200	Mon, 08 Jun 2026 12:39:51 GMT	Full HTML snapshot saved locally; page is public and kept with redacted headers.
app/local-environments	https://developers.openai.com/codex/app/local-environments	knowledge/primary/CODX/pages/app/local-environments/index.html	knowledge/primary/CODX/pages/app/local-environments/response-headers.txt	60afea9bb88b7c45b4a230768d32d9b1331e0efa991ec5bc7f82ab268cc3b3d3	813248c32d17efb4828031dcb097b6d40c872cb332908d4fee2385771d283253	2026-06-08T13:16:42Z	200	Mon, 08 Jun 2026 12:39:56 GMT	Full HTML snapshot saved locally; page is public and kept with redacted headers.
app/settings	https://developers.openai.com/codex/app/settings	knowledge/primary/CODX/pages/app/settings/index.html	knowledge/primary/CODX/pages/app/settings/response-headers.txt	31d253292f1ebd426ecb24e4931d7e85a72499e99b4ecfa3c25ebcbfe0f16cb3	84c486d635f9a034f532014454bd36fa9f3894d0b62ff1db63ef607be76cbdc1	2026-06-08T13:16:44Z	200	Mon, 08 Jun 2026 12:34:46 GMT	Full HTML snapshot saved locally; page is public and kept with redacted headers.
app/troubleshooting	https://developers.openai.com/codex/app/troubleshooting	knowledge/primary/CODX/pages/app/troubleshooting/index.html	knowledge/primary/CODX/pages/app/troubleshooting/response-headers.txt	d0caa320029dadf13e1e094d71b1a4cb55c6e2a58960115b7e2401f6796508ac	d3c91e14de03f72b7db707b08fbbf6d96b2e51ce386f0394dc4529d27bb8291a	2026-06-08T13:16:45Z	200	Mon, 08 Jun 2026 12:47:06 GMT	Full HTML snapshot saved locally; page is public and kept with redacted headers.
app/worktrees	https://developers.openai.com/codex/app/worktrees	knowledge/primary/CODX/pages/app/worktrees/index.html	knowledge/primary/CODX/pages/app/worktrees/response-headers.txt	892f209ec2900e17ee744474e26e4909a57de7fa8f117148c7e9f505407309eb	c4a66d4abe9e7cf448465df577da96017dd9ccb38fb18ca1273383d1ddc6e425	2026-06-08T13:16:47Z	200	Mon, 08 Jun 2026 12:36:22 GMT	Full HTML snapshot saved locally; page is public and kept with redacted headers.
changelog	https://developers.openai.com/codex/changelog	knowledge/primary/CODX/pages/changelog/index.html	knowledge/primary/CODX/pages/changelog/response-headers.txt	ff7fe2631a88610ffe5462a678b34284d1d92e41cd8aa07add97b4a46b4741a8	b7745e8ca3bdd22ab7d454f70445194e5c8e215dcc304edeb130b9d60ed8a185	2026-06-08T13:20:39Z	200	Mon, 08 Jun 2026 12:29:00 GMT	Full HTML snapshot saved locally; page is public and kept with redacted headers.
cli	https://developers.openai.com/codex/cli	knowledge/primary/CODX/pages/cli/index.html	knowledge/primary/CODX/pages/cli/response-headers.txt	c293fbc85dd69b25d293fbd954bc7c71fc9f8f30b477cf4f102b6e56d02b4c35	fc9bde3ff4127aee051b3f126e2cffc9778aa712a9d50dc0693c8761afa3bb92	2026-06-08T13:20:43Z	200	Mon, 08 Jun 2026 12:31:44 GMT	Full HTML snapshot saved locally; page is public and kept with redacted headers.
cli/features	https://developers.openai.com/codex/cli/features	knowledge/primary/CODX/pages/cli/features/index.html	knowledge/primary/CODX/pages/cli/features/response-headers.txt	b83d42739777ccb44815850c5dfa8ec0e30b8a141adfce7d82e2004d9aebd929	ecdc93337e52cb48a08d08d5eb308c34efc52248a4971528104e65513526a0bf	2026-06-08T13:20:45Z	200	Mon, 08 Jun 2026 12:35:17 GMT	Full HTML snapshot saved locally; page is public and kept with redacted headers.
cli/reference	https://developers.openai.com/codex/cli/reference	knowledge/primary/CODX/pages/cli/reference/index.html	knowledge/primary/CODX/pages/cli/reference/response-headers.txt	fe4de934ff43a0437b97c3d24e03363343ae38bb21824718a7c1a289b2775ce6	cb82e1894b29e8284f8d5186e6a249bc69b521de62bdea87770fdffb158e9459	2026-06-08T13:20:47Z	200	Mon, 08 Jun 2026 12:30:19 GMT	Full HTML snapshot saved locally; page is public and kept with redacted headers.
cli/slash-commands	https://developers.openai.com/codex/cli/slash-commands	knowledge/primary/CODX/pages/cli/slash-commands/index.html	knowledge/primary/CODX/pages/cli/slash-commands/response-headers.txt	7b0c0ed2074e1c06a93f45be54bdfc28d92c6900edd5b000b6cf317eb1f964e1	a4bbed8e10568f7153967bb03e2743b2ac01e3ca90feda173c3bde737caef263	2026-06-08T13:20:49Z	200	Mon, 08 Jun 2026 12:30:50 GMT	Full HTML snapshot saved locally; page is public and kept with redacted headers.
cloud	https://developers.openai.com/codex/cloud	knowledge/primary/CODX/pages/cloud/index.html	knowledge/primary/CODX/pages/cloud/response-headers.txt	e66d5180774dcfe03721d3e63574eca4de9fe070d4e13e0391166ed09c9b02b9	55667a3232130f71896876af503001fb98a34402c5bd797610c9e35c4a783070	2026-06-08T13:20:51Z	200	Mon, 08 Jun 2026 12:29:33 GMT	Full HTML snapshot saved locally; page is public and kept with redacted headers.
cloud/environments	https://developers.openai.com/codex/cloud/environments	knowledge/primary/CODX/pages/cloud/environments/index.html	knowledge/primary/CODX/pages/cloud/environments/response-headers.txt	5d84f2eff24bf7162b74ffdf923fb9420fce7837126a778c74666eddb02e350e	943186f1f13ced67799d62f7a18daa4691352f84ee040111f03b3ba865596577	2026-06-08T13:20:52Z	200	Mon, 08 Jun 2026 12:37:40 GMT	Full HTML snapshot saved locally; page is public and kept with redacted headers.
cloud/internet-access	https://developers.openai.com/codex/cloud/internet-access	knowledge/primary/CODX/pages/cloud/internet-access/index.html	knowledge/primary/CODX/pages/cloud/internet-access/response-headers.txt	c0146cea047b859e9862eb0e2c4bb2da8e61a9358c34324b8e844867aa85612f	36195a8285b70f8510bb8524c9ad97c793854659b66245c9426ea5eb0788eb3e	2026-06-08T13:20:54Z	200	Mon, 08 Jun 2026 12:41:43 GMT	Full HTML snapshot saved locally; page is public and kept with redacted headers.
concepts/customization	https://developers.openai.com/codex/concepts/customization	knowledge/primary/CODX/pages/concepts/customization/index.html	knowledge/primary/CODX/pages/concepts/customization/response-headers.txt	46a5a18485038e3661a07ef6118fe75d9b8962cc567317fc5ac6b320da06e2e0	405da4baf8ff76100e255d5c6fd58d01ceaf200c10159215525cf3f74e77ddf6	2026-06-08T13:20:56Z	200	Mon, 08 Jun 2026 12:57:09 GMT	Full HTML snapshot saved locally; page is public and kept with redacted headers.
concepts/sandboxing	https://developers.openai.com/codex/concepts/sandboxing	knowledge/primary/CODX/pages/concepts/sandboxing/index.html	knowledge/primary/CODX/pages/concepts/sandboxing/response-headers.txt	669e5bbe00cfc3763d367577b7bb1ed3e08b1517774fc22e9f68967178186700	ea5310e98243f2c0c5a101ad80ec7ae6f90caf86352190ca0bbfe7490d9dd07a	2026-06-08T13:20:57Z	200	Mon, 08 Jun 2026 12:33:55 GMT	Full HTML snapshot saved locally; page is public and kept with redacted headers.
concepts/subagents	https://developers.openai.com/codex/concepts/subagents	knowledge/primary/CODX/pages/concepts/subagents/index.html	knowledge/primary/CODX/pages/concepts/subagents/response-headers.txt	437032820ba694aa0d3ed751a330b31d20fa930102101c96fd55de005d777390	ae2a1352847d55ed4203534fa6173129a9357477092ea629fc27d6effc726914	2026-06-08T13:20:59Z	200	Mon, 08 Jun 2026 12:37:56 GMT	Full HTML snapshot saved locally; page is public and kept with redacted headers.
config-advanced	https://developers.openai.com/codex/config-advanced	knowledge/primary/CODX/pages/config-advanced/index.html	knowledge/primary/CODX/pages/config-advanced/response-headers.txt	7bb97295a6b561a62dced9fb200371b0b833f1c17ec2d3adec5db115bb480489	0911b61620ccdc4442287f311224731fd834686bd63315e033fa2893750260b4	2026-06-08T13:21:01Z	200	Mon, 08 Jun 2026 12:28:53 GMT	Full HTML snapshot saved locally; page is public and kept with redacted headers.
config-basic	https://developers.openai.com/codex/config-basic	knowledge/primary/CODX/pages/config-basic/index.html	knowledge/primary/CODX/pages/config-basic/response-headers.txt	324dfc7e0815cfc4286d8b28f08110f464bedae85e29190baa5365dde7d89864	7b93476d0e02eeb44735293e3ffb1a9f39ee0c2f163da93921dbf05bf734ba5a	2026-06-08T13:21:03Z	200	Mon, 08 Jun 2026 12:28:44 GMT	Full HTML snapshot saved locally; page is public and kept with redacted headers.
config-reference	https://developers.openai.com/codex/config-reference	knowledge/primary/CODX/pages/config-reference/index.html	knowledge/primary/CODX/pages/config-reference/response-headers.txt	190733c51890251a13e8e30f1248362b01f3921699b9addae351a40033dbc70b	7db94c416429fc1305ac98af7ec07c6786d29966d8452abdb2f05c0d04f6f708	2026-06-08T13:21:06Z	200	Mon, 08 Jun 2026 12:35:30 GMT	Full HTML snapshot saved locally; page is public and kept with redacted headers.
config-sample	https://developers.openai.com/codex/config-sample	knowledge/primary/CODX/pages/config-sample/index.html	knowledge/primary/CODX/pages/config-sample/response-headers.txt	f51c9f0d808eef9dd5b40295f1ff859c46a77fd094271d76fe267f67977f9a4b	6685ef5eb389a3356aa47acd3c70d2e6804da361f2bf4bca9212b65dd2805c37	2026-06-08T13:21:08Z	200	Mon, 08 Jun 2026 12:39:02 GMT	Full HTML snapshot saved locally; page is public and kept with redacted headers.
enterprise/access-tokens	https://developers.openai.com/codex/enterprise/access-tokens	knowledge/primary/CODX/pages/enterprise/access-tokens/index.html	knowledge/primary/CODX/pages/enterprise/access-tokens/response-headers.txt	389c69a36695f4c92a95fbb09691e201b36e57e4cb950f3b81f916f9f209e158	ea57a5ec9cc716e3d516054f7dc083b31bff885b3aec09ad1c56ba35e9b49d62	2026-06-08T13:21:10Z	200	Mon, 08 Jun 2026 12:42:59 GMT	Full HTML snapshot saved locally; page is public and kept with redacted headers.
enterprise/admin-setup	https://developers.openai.com/codex/enterprise/admin-setup	knowledge/primary/CODX/pages/enterprise/admin-setup/index.html	knowledge/primary/CODX/pages/enterprise/admin-setup/response-headers.txt	5686bb621a771355a6bc4bc5eb1646a8830e8f46009e56c0c246cd005713b1f4	d1ded2df1ccc7d8acbef98c698e78edc841a92bc649819a7eef22fb3a88f8bd2	2026-06-08T13:21:12Z	200	Mon, 08 Jun 2026 12:35:36 GMT	Full HTML snapshot saved locally; page is public and kept with redacted headers.
enterprise/governance	https://developers.openai.com/codex/enterprise/governance	knowledge/primary/CODX/pages/enterprise/governance/index.html	knowledge/primary/CODX/pages/enterprise/governance/response-headers.txt	6ee2774ae7c2dbffa19262dafaf914d102b55e21f16497b1841643f8b3cd8410	a626a54791c838b1b6708b600a11d4867b284a6ea29f7847d1fcec5dfe56797e	2026-06-08T13:21:14Z	200	Mon, 08 Jun 2026 12:51:14 GMT	Full HTML snapshot saved locally; page is public and kept with redacted headers.
enterprise/managed-configuration	https://developers.openai.com/codex/enterprise/managed-configuration	knowledge/primary/CODX/pages/enterprise/managed-configuration/index.html	knowledge/primary/CODX/pages/enterprise/managed-configuration/response-headers.txt	97660f724f131e8c8c4c3692ec5fb9f7b61b463e1544f4ec94423e74c7c78895	56aa11ac43ad4c6fa6aed6d37fbe1da12464f9142eb306a7ec77fca84bf750ad	2026-06-08T13:21:15Z	200	Mon, 08 Jun 2026 12:30:57 GMT	Full HTML snapshot saved locally; page is public and kept with redacted headers.
environment-variables	https://developers.openai.com/codex/environment-variables	knowledge/primary/CODX/pages/environment-variables/index.html	knowledge/primary/CODX/pages/environment-variables/response-headers.txt	4ac874107c051de3d10cb7e37f21254316a52303c507afbe981f9d81a5c68760	e1e879ef5a7a39b432494002740df09f39e6cc2267600c2b1b59916c27ecb196	2026-06-08T13:21:17Z	200	Mon, 08 Jun 2026 12:28:44 GMT	Full HTML snapshot saved locally; page is public and kept with redacted headers.
github-action	https://developers.openai.com/codex/github-action	knowledge/primary/CODX/pages/github-action/index.html	knowledge/primary/CODX/pages/github-action/response-headers.txt	2f167b3e68d065ed88df6f3ddf00f9c4b5b0ec5efce8b21f24955c085fdc6f0f	6b12fbd904da8a8a3b068afebc0441f8330707173aa57b34602060917a3e5777	2026-06-08T13:21:19Z	200	Mon, 08 Jun 2026 13:12:29 GMT	Full HTML snapshot saved locally; page is public and kept with redacted headers.
guides/agents-md	https://developers.openai.com/codex/guides/agents-md	knowledge/primary/CODX/pages/guides/agents-md/index.html	knowledge/primary/CODX/pages/guides/agents-md/response-headers.txt	f21d44b5cd0ad89b1b99d7a4d96a52e111571840d998d18007d7de4ecd813ed8	76d23277524f008ed3f6ee01144a2c5aa742b198fe2ca45ff552a5c6ee6943c7	2026-06-08T13:21:21Z	200	Mon, 08 Jun 2026 12:31:40 GMT	Full HTML snapshot saved locally; page is public and kept with redacted headers.
hooks	https://developers.openai.com/codex/hooks	knowledge/primary/CODX/pages/hooks/index.html	knowledge/primary/CODX/pages/hooks/response-headers.txt	50fc30cca025232f8a3882610a388dca02a71ef4440e0a274be8bb37b7df94ca	06290da2ffa9877b36a5b0b2d2d464c818f210f470e5b13f6331f73be60389f0	2026-06-08T13:21:22Z	200	Mon, 08 Jun 2026 12:28:48 GMT	Full HTML snapshot saved locally; page is public and kept with redacted headers.
ide	https://developers.openai.com/codex/ide	knowledge/primary/CODX/pages/ide/index.html	knowledge/primary/CODX/pages/ide/response-headers.txt	2aeac04b375d0f41113c91467b98f17b5bb88542311ed01a1b741f8d949c24bb	68cbff2828e63e61b9e3e0c079a95f48dc7dd4c58a4defa01adaa049daa53ab3	2026-06-08T13:21:24Z	200	Mon, 08 Jun 2026 12:36:25 GMT	Full HTML snapshot saved locally; page is public and kept with redacted headers.
ide/commands	https://developers.openai.com/codex/ide/commands	knowledge/primary/CODX/pages/ide/commands/index.html	knowledge/primary/CODX/pages/ide/commands/response-headers.txt	d1f4be51ac33b708bbc4dce9eab768089ab444aae44929934ef709bfbe1c14d3	4c9aed41e9b5020da441926287fb6a6eee36810a6c8e55885e87990f4913c1a7	2026-06-08T13:21:25Z	200	Mon, 08 Jun 2026 12:34:06 GMT	Full HTML snapshot saved locally; page is public and kept with redacted headers.
ide/features	https://developers.openai.com/codex/ide/features	knowledge/primary/CODX/pages/ide/features/index.html	knowledge/primary/CODX/pages/ide/features/response-headers.txt	c1946dac63444f6aa6f5e17463573b103e609f5d7836554631863f707eb11302	bde96a08be98ccfd8d05b9a4bb04e0ad610c9eca5c87c37bdc633a5e7eed1de0	2026-06-08T13:21:27Z	200	Mon, 08 Jun 2026 12:49:55 GMT	Full HTML snapshot saved locally; page is public and kept with redacted headers.
ide/settings	https://developers.openai.com/codex/ide/settings	knowledge/primary/CODX/pages/ide/settings/index.html	knowledge/primary/CODX/pages/ide/settings/response-headers.txt	8ce279e61be68e9b21e4c3df71aab74e9ff5699f47c688fffedc97624c5f3e7b	559910ceec6f0fb01b13bc901183883c3428d973c32976ccede040e0e61234cf	2026-06-08T13:21:29Z	200	Mon, 08 Jun 2026 13:12:40 GMT	Full HTML snapshot saved locally; page is public and kept with redacted headers.
ide/slash-commands	https://developers.openai.com/codex/ide/slash-commands	knowledge/primary/CODX/pages/ide/slash-commands/index.html	knowledge/primary/CODX/pages/ide/slash-commands/response-headers.txt	cb2386492a3ad8f7adfc87bfde8526e33fef9bd52d7b20904a4b29cfd17384a6	3dfed1891e7adce70922af95f240443ac681825e71e7c20e7e142e411217c573	2026-06-08T13:21:30Z	200	Mon, 08 Jun 2026 12:57:20 GMT	Full HTML snapshot saved locally; page is public and kept with redacted headers.
integrations/github	https://developers.openai.com/codex/integrations/github	knowledge/primary/CODX/pages/integrations/github/index.html	knowledge/primary/CODX/pages/integrations/github/response-headers.txt	bdfeee090b4126a25361fc7f99bfc477965be46fbf460591fdc433ccc1606325	23982aa01876cb2df445835102c8875fec98d1245aa5117e995fabf4fb007a05	2026-06-08T13:21:32Z	200	Mon, 08 Jun 2026 12:34:09 GMT	Full HTML snapshot saved locally; page is public and kept with redacted headers.
integrations/linear	https://developers.openai.com/codex/integrations/linear	knowledge/primary/CODX/pages/integrations/linear/index.html	knowledge/primary/CODX/pages/integrations/linear/response-headers.txt	09d03f417ff47ea1ea41019694ea7f7b2bb511b1cd35030f46b044ccba5bf5a4	e7f9c6360df4b318047174c8c8ed8474ede33c790155b843838c9539df03ca5f	2026-06-08T13:21:34Z	200	Mon, 08 Jun 2026 12:31:46 GMT	Full HTML snapshot saved locally; page is public and kept with redacted headers.
integrations/slack	https://developers.openai.com/codex/integrations/slack	knowledge/primary/CODX/pages/integrations/slack/index.html	knowledge/primary/CODX/pages/integrations/slack/response-headers.txt	8759ab50de8231e93c799d7a7edbf61f61a250d5f11678cd06a8c019f0bb00fa	c43322c3627b50252525d48e07f440b88c5ad8a54632b53d570ff668d6eafdf2	2026-06-08T13:21:35Z	200	Mon, 08 Jun 2026 12:52:06 GMT	Full HTML snapshot saved locally; page is public and kept with redacted headers.
learn/best-practices	https://developers.openai.com/codex/learn/best-practices	knowledge/primary/CODX/pages/learn/best-practices/index.html	knowledge/primary/CODX/pages/learn/best-practices/response-headers.txt	aef5877ab926d6900830deeae5ee61fbf8728486e1271eb19b553271d43794c5	a2313b38efb4fa1d3b3778a541e01dcef16dcb97d2ceb56bcb12f6d76f32694a	2026-06-08T13:21:37Z	200	Mon, 08 Jun 2026 12:43:24 GMT	Full HTML snapshot saved locally; page is public and kept with redacted headers.
mcp	https://developers.openai.com/codex/mcp	knowledge/primary/CODX/pages/mcp/index.html	knowledge/primary/CODX/pages/mcp/response-headers.txt	c81aad2adca277096d306d176f1873138fe440f4902ee15401f1d086c5b8f66e	960fb2dee6763d66f87aad103f1757e628c01169cfd22d277d9fa40389758343	2026-06-08T13:21:39Z	200	Mon, 08 Jun 2026 12:31:39 GMT	Full HTML snapshot saved locally; page is public and kept with redacted headers.
memories	https://developers.openai.com/codex/memories	knowledge/primary/CODX/pages/memories/index.html	knowledge/primary/CODX/pages/memories/response-headers.txt	17afa656fa643e9d5e1074771999439b98218243a4eabe354a7d50897759d27e	eff934ba2315fb1247fa222dca934eb3672f46fbcaa7d0e3ea717b1fafd7a4b5	2026-06-08T13:21:41Z	200	Mon, 08 Jun 2026 12:47:12 GMT	Full HTML snapshot saved locally; page is public and kept with redacted headers.
memories/chronicle	https://developers.openai.com/codex/memories/chronicle	knowledge/primary/CODX/pages/memories/chronicle/index.html	knowledge/primary/CODX/pages/memories/chronicle/response-headers.txt	46987b6cb845bcb08069f16e8200d68ccd0785e9bcf9cbed22dd40e74ca05c2a	5212ada0f8fabfe045263f19d6eedf677e90bf2655bfb4b9146c4210e3f526d7	2026-06-08T13:21:42Z	200	Mon, 08 Jun 2026 13:12:54 GMT	Full HTML snapshot saved locally; page is public and kept with redacted headers.
migrate	https://developers.openai.com/codex/migrate	knowledge/primary/CODX/pages/migrate/index.html	knowledge/primary/CODX/pages/migrate/response-headers.txt	7ffe253b898e3f77b93613b55ed8419897c29a309f5ef5160d81dcd261b0d0b9	5c340962dcccdd3b2dbacb2dfa6fba6262f85e4a3d5c5bc133af23279d00bc5f	2026-06-08T13:21:44Z	200	Mon, 08 Jun 2026 12:28:39 GMT	Full HTML snapshot saved locally; page is public and kept with redacted headers.
models	https://developers.openai.com/codex/models	knowledge/primary/CODX/pages/models/index.html	knowledge/primary/CODX/pages/models/response-headers.txt	0364e3be22d3163905b251495a6043686505ec054e5d9ce503a465b12a07d159	25789786a4dbc4c50919441e0b998c4c7ef66518b2882236880810f601bde811	2026-06-08T13:21:46Z	200	Mon, 08 Jun 2026 12:29:01 GMT	Full HTML snapshot saved locally; page is public and kept with redacted headers.
noninteractive	https://developers.openai.com/codex/noninteractive	knowledge/primary/CODX/pages/noninteractive/index.html	knowledge/primary/CODX/pages/noninteractive/response-headers.txt	0f9ab5feb0c9ec5e9ba5add2367289cfb1ed22dbb30fc2bc59caaade49956055	111fa9449f7befa73a7028de7f936995394d9cd8a1d2d0fc3a346a7308e0c91a	2026-06-08T13:21:48Z	200	Mon, 08 Jun 2026 12:36:27 GMT	Full HTML snapshot saved locally; page is public and kept with redacted headers.
permissions	https://developers.openai.com/codex/permissions	knowledge/primary/CODX/pages/permissions/index.html	knowledge/primary/CODX/pages/permissions/response-headers.txt	3c4a9cffd87cbba081b234a4e3fb65671cbd143262160106e7afec7b876d72a5	e5b02807459d5b86af6b13b0d6dc332060ff1c7ec2277e5e1ddc392414f2d7d0	2026-06-08T13:21:50Z	200	Mon, 08 Jun 2026 12:36:24 GMT	Full HTML snapshot saved locally; page is public and kept with redacted headers.
plugins	https://developers.openai.com/codex/plugins	knowledge/primary/CODX/pages/plugins/index.html	knowledge/primary/CODX/pages/plugins/response-headers.txt	4c2b0e3cc74b4753d7c370d1db947006d097199dbb343295b956fe59c327fe36	33ed831de227a66426984c6fd78c1eb5da60be8924633f6180d57223cae49c49	2026-06-08T13:21:51Z	200	Mon, 08 Jun 2026 12:33:08 GMT	Full HTML snapshot saved locally; page is public and kept with redacted headers.
plugins/build	https://developers.openai.com/codex/plugins/build	knowledge/primary/CODX/pages/plugins/build/index.html	knowledge/primary/CODX/pages/plugins/build/response-headers.txt	7fa2cd41afbde10760407712e70d636a02d63404323d951fe1405f6d841a2c62	2fe00faa4ac71597253ea36a85d4ab5b7d68a18871b4b7c99e93ef01be740cc0	2026-06-08T13:21:53Z	200	Mon, 08 Jun 2026 12:37:22 GMT	Full HTML snapshot saved locally; page is public and kept with redacted headers.
prompting	https://developers.openai.com/codex/prompting	knowledge/primary/CODX/pages/prompting/index.html	knowledge/primary/CODX/pages/prompting/response-headers.txt	fbde083d3a6babc8cd5bca58769893e7202739681e8a4177c8579aefbbd12d65	60394cc5f7dc7df343cecfbdb1d0708e3665df397fc9a5353d004b79721d301a	2026-06-08T13:21:55Z	200	Mon, 08 Jun 2026 12:29:36 GMT	Full HTML snapshot saved locally; page is public and kept with redacted headers.
quickstart	https://developers.openai.com/codex/quickstart	knowledge/primary/CODX/pages/quickstart/index.html	knowledge/primary/CODX/pages/quickstart/response-headers.txt	ace229e01fa921955f66877ecde3adb8da67fdf91e84081fa308ebcfe3c212e3	cbb48b93e02cb52ff788bec820094b56a8554480827f07ba74201a6afc011286	2026-06-08T13:21:56Z	200	Mon, 08 Jun 2026 12:29:20 GMT	Full HTML snapshot saved locally; page is public and kept with redacted headers.
remote-connections	https://developers.openai.com/codex/remote-connections	knowledge/primary/CODX/pages/remote-connections/index.html	knowledge/primary/CODX/pages/remote-connections/response-headers.txt	e0b6975f93bf9319a2d44af6467a4c4b69d2475d3aacbd5f9ebe202b4c362d9e	5121ec804e3732e90bf5f8b9a1ef7aa0176e14b6702b1de80f0017d6a81c0143	2026-06-08T13:21:58Z	200	Mon, 08 Jun 2026 12:30:55 GMT	Full HTML snapshot saved locally; page is public and kept with redacted headers.
rules	https://developers.openai.com/codex/rules	knowledge/primary/CODX/pages/rules/index.html	knowledge/primary/CODX/pages/rules/response-headers.txt	c36d05d88326ad867c8ab072a17d76116d551bf9e856cde3a1f0826033c54f6a	6fdffb6e350cda364935ac650fa0f6f94c7da475eed5cafdb0942f9290679dc0	2026-06-08T13:21:59Z	200	Mon, 08 Jun 2026 12:29:14 GMT	Full HTML snapshot saved locally; page is public and kept with redacted headers.
sdk	https://developers.openai.com/codex/sdk	knowledge/primary/CODX/pages/sdk/index.html	knowledge/primary/CODX/pages/sdk/response-headers.txt	9237c631aac2c218f98b9e9275270c9ad012639b8c3682ea49ec831e8805b9bc	62549df5eae5458f9fad1dfc586f2395129ef81d486079ed442e8a367ab988eb	2026-06-08T13:22:01Z	200	Mon, 08 Jun 2026 12:37:20 GMT	Full HTML snapshot saved locally; page is public and kept with redacted headers.
security	https://developers.openai.com/codex/security	knowledge/primary/CODX/pages/security/index.html	knowledge/primary/CODX/pages/security/response-headers.txt	0673f794221ba28adf867aef30ab6070efc651db5c7f6d6a3360bfeb62848785	cdb78c5d8103b0c436e4ac2b933f56de30a6ca7c9a60b78d01c6f4119b4a24b5	2026-06-08T13:22:03Z	200	Mon, 08 Jun 2026 12:34:06 GMT	Full HTML snapshot saved locally; page is public and kept with redacted headers.
security/faq	https://developers.openai.com/codex/security/faq	knowledge/primary/CODX/pages/security/faq/index.html	knowledge/primary/CODX/pages/security/faq/response-headers.txt	9591a3be48b81bfe26098e078d730fe39a5d202fd30b8191fdb50a3a456bccd0	b963356746a85907846472a3d812bacbe7d2b8f33e037151f41b246c9f51f942	2026-06-08T13:22:05Z	200	Mon, 08 Jun 2026 13:13:16 GMT	Full HTML snapshot saved locally; page is public and kept with redacted headers.
security/plugin	https://developers.openai.com/codex/security/plugin	knowledge/primary/CODX/pages/security/plugin/index.html	knowledge/primary/CODX/pages/security/plugin/response-headers.txt	b1f5c3151e2a68e985a566c3b7dec10dff0acb622d7e53ca3e2ef7cfe2099ef8	d4d69cb1744fd44ddfa200a15b238fbb4dfccb985e1f85c392fac57ae528c6a3	2026-06-08T13:22:06Z	200	Mon, 08 Jun 2026 12:30:28 GMT	Full HTML snapshot saved locally; page is public and kept with redacted headers.
security/setup	https://developers.openai.com/codex/security/setup	knowledge/primary/CODX/pages/security/setup/index.html	knowledge/primary/CODX/pages/security/setup/response-headers.txt	4dace2f8148aa3b78cb03d5adf598c8c1585ba9b549777809989c2f3c9735bbf	8b6604329ecf3e8343397482504ac31466b14e398cb81cd94b74d4e7f492df16	2026-06-08T13:22:08Z	200	Mon, 08 Jun 2026 13:13:19 GMT	Full HTML snapshot saved locally; page is public and kept with redacted headers.
security/threat-model	https://developers.openai.com/codex/security/threat-model	knowledge/primary/CODX/pages/security/threat-model/index.html	knowledge/primary/CODX/pages/security/threat-model/response-headers.txt	aeb9756dacfebcd471bc3fc176e6d93816d04150b9ce356d1e7fbe90a6fabf38	0fcd950c4a25af97506493f0d8bca3e656b5a0b3a6aa7eb314bd66d56cb5880b	2026-06-08T13:22:09Z	200	Mon, 08 Jun 2026 12:41:27 GMT	Full HTML snapshot saved locally; page is public and kept with redacted headers.
sites	https://developers.openai.com/codex/sites	knowledge/primary/CODX/pages/sites/index.html	knowledge/primary/CODX/pages/sites/response-headers.txt	38ddd7a52f589bfb8bb63c5df0796436d14c6d54583fabadd09eb7c625d883d5	7eba0f19377ec27cfe781c47491b4375e707145d9c06b6d50e8e25675d42ebad	2026-06-08T13:22:11Z	200	Mon, 08 Jun 2026 12:30:09 GMT	Full HTML snapshot saved locally; page is public and kept with redacted headers.
skills	https://developers.openai.com/codex/skills	knowledge/primary/CODX/pages/skills/index.html	knowledge/primary/CODX/pages/skills/response-headers.txt	fbf4532148e80ef6d4a119c951571942f543a78876d034357e63c5924206837b	9938d084d7a0a155fcfa1911db31d6434188d33636e4036e935b113e7a290fe6	2026-06-08T13:22:12Z	200	Mon, 08 Jun 2026 12:28:51 GMT	Full HTML snapshot saved locally; page is public and kept with redacted headers.
speed	https://developers.openai.com/codex/speed	knowledge/primary/CODX/pages/speed/index.html	knowledge/primary/CODX/pages/speed/response-headers.txt	0459f538bcbc4c6024015cb2f2f17ed05b2e79686c34320ebc589b621bacedfb	53f9bfc97cbf4980cadc02e2abd0a53cfabc73a44c2a2c7c59775ef68ef27870	2026-06-08T13:22:14Z	200	Mon, 08 Jun 2026 12:36:25 GMT	Full HTML snapshot saved locally; page is public and kept with redacted headers.
subagents	https://developers.openai.com/codex/subagents	knowledge/primary/CODX/pages/subagents/index.html	knowledge/primary/CODX/pages/subagents/response-headers.txt	c7ce0d7a0c78028baf7839e0bf72cf6a9ccbd84047f0edd54dd014da3154dda9	8172e466ed87370f85047838dc700694c743228f78d21e8cb0d0cedfc7dad04d	2026-06-08T13:22:16Z	200	Mon, 08 Jun 2026 12:31:36 GMT	Full HTML snapshot saved locally; page is public and kept with redacted headers.
web	https://developers.openai.com/codex/web	knowledge/primary/CODX/pages/web/index.html	knowledge/primary/CODX/pages/web/response-headers.txt	e66d5180774dcfe03721d3e63574eca4de9fe070d4e13e0391166ed09c9b02b9	64c5ff37fc289e294408ca0f78123fd6c8e49e6b05603fdcb8bd98aa8c12fa3f	2026-06-08T13:22:18Z	200	Mon, 08 Jun 2026 12:29:33 GMT	Full HTML snapshot saved locally; page is public and kept with redacted headers.
workflows	https://developers.openai.com/codex/workflows	knowledge/primary/CODX/pages/workflows/index.html	knowledge/primary/CODX/pages/workflows/response-headers.txt	82ee88f361a656b23fc8d55ab0a6d432d25c768ba9055cf61ba941cc78e00a42	b37d5a1c9bdd5b9685db32749e9f5d20e873332041e0782a6e30d60d7cbfd399	2026-06-08T13:22:20Z	200	Mon, 08 Jun 2026 12:29:35 GMT	Full HTML snapshot saved locally; page is public and kept with redacted headers.
